{
    "now": "2024-02-10T13:12:01.174Z",
    "perfNow": 9908737.2,
    "diagnosticCorrelation": "b9c68276-9352-4037-9423-9866ac7d7fea",
    "source": "DownloadSupportFiles",
    "environment": {
        "productName": "adf",
        "buildVersion": "1.0.020324.3",
        "environmentType": 3,
        "resourceName": "tokyo-olympic-df-movazed",
        "resourceRegion": "southeastasia",
        "resourceGroup": "tokyo-olympic",
        "subscriptionId": "d78dfcfd-bb12-46d0-bdce-f52c7b12af92",
        "sessionId": "p0sr2WPLR7vgQv8YqSAshs",
        "operationId": "",
        "gitType": "live",
        "loggingKey": "44c82f93-4711-4bf5-8209-0c05d091f657"
    },
    "additionalInfo": {
        "selectedResource": "pipeline1",
        "selectedResourceType": "pipeline"
    }
}